{"BasicSettingController":{"Data":{"ProgramToRun":"C:\\Users\\Ana\\source\\repos\\Seminar2_GestiuneMelodii_AlocareDinamica\\x64\\Debug\\Seminar2_GestiuneMelodii_AlocareDinamica.exe","OptionalWorkingDirectory":"C:\\Users\\Ana\\source\\repos\\Seminar2_GestiuneMelodii_AlocareDinamica\\Seminar2_GestiuneMelodii_AlocareDinamica\\","Arguments":"","CompileBeforeRunning":true,"OptimizedBuild":false},"IsSelectedByProjectPath":{"Seminar2_GestiuneMelodii_AlocareDinamica\\Seminar2_GestiuneMelodii_AlocareDinamica.vcxproj":true}},"FilterSettingController":{"AdditionalSourcePatterns":[],"AdditionalModulePatterns":[],"ExcludedSourcePatterns":[{"Value":"ui.c"},{"Value":"my_utils.c"}],"ExcludedModulePatterns":[],"UnifiedDiffs":[]},"ImportExportSettingController":{"Exports":[],"InputCoverages":[],"CoverChildrenProcesses":false,"AggregateByFile":true},"MiscellaneousSettingController":{"OptionalConfigFile":null,"LogTypeValue":0,"ContinueAfterCppExceptions":false}}